The Cure,The Head on the Door
CJ The X,Be Perfect or Die
Manchester Orchestra,The Valley Of Vision
clipping.,Visions of Bodies Being Burned
clipping.,There Existed An Addiction To Blood
Massive Attack,Ritual Spirit
American Football,American Football (Deluxe Edition)
De La Soul,3 Feet High and Rising
Fever Ray,Radical Romantics
Modest Mouse,The Moon & Antarctica
slowthai,UGLY
The Taxpayers,"God Forgive These Bastards" Songs From The Forgotten Life of Henry Turner
Bobby Womack,Fly Me To The Moon
Fontaines D.C.,Skinty Fia
Kali Uchis,Red Moon in Venus
Algiers,Shook
Sparklehorse,It's A Wonderful Life
The Blue Nile,A Walk Across the Rooftops (Deluxe Version)
The Blue Nile,Hats (Deluxe Version)
Fontaines D.C.,Dogrel
Banx & Ranx,Headphones
Tommy Genesis,all the bands
Tommy Genesis,world on fire
Shatterglass Sweetheart,Jealous
LUCY (Cooper B. Handy),February Motel
LUCY (Cooper B. Handy),Devoted
Modest Mouse,Good News For People Who Love Bad News
Blur,Modern Life Is Rubbish (Special Edition)
The Beach Boys,Pet Sounds (Original Mono & Stereo Mix Versions)
Ethel Cain,Inbred
Café Tacvba,Avalancha de éxitos
Harlow Road,Flooding My Own Garden
Algiers,There Is No Year
Algiers,The Underside Of Power
Julien Baker,Little Oblivions
twenty one pilots,Scaled and Icy
Carly Rae Jepsen,E·mo·tion (Deluxe Expanded Edition)
Carly Rae Jepsen,Dedicated
Carly Rae Jepsen,The Loneliest Time
Carly Rae Jepsen,Dedicated Side B
Mazzy Star,So Tonight That I Might See
The Weeknd,Dawn FM
Fontaines D.C.,Jackie Down The Line
Fontaines D.C.,' Cello Song
A Tribe Called Quest,People's Instinctive Travels and the Paths of Rhythm (25th Anniversary Edition)
JPEGMAFIA,All My Heroes Are Cornballs
Ethel Cain,Crush
The 8-Bit Big Band,Press Start!
Paramore,This Is Why
De La Soul,Buhloone Mindstate
De La Soul,De La Soul Is Dead
In Love With a Ghost,Playful Spirits
In Love With a Ghost,gay story
Cocteau Twins,Treasure
Cocteau Twins,The Moon And The Melodies
Xiu Xiu,Ignore Grief
My Chemical Romance,Three Cheers for Sweet Revenge
My Chemical Romance,Famous Last Words
The Cure,Kiss Me Kiss Me Kiss Me
Mdou Moctar,Afrique Victime
Mariachi Entertainment System,Hecho En Hyrule
Massive Attack,Spoils Come Near Me
The 8-Bit Big Band,Choose Your Character!
The 8-Bit Big Band,Backwards Compatible
HAIM,Women in Music Pt. III
Ethel Cain,Preacher’s Daughter
The Mountain Goats,Goths (Deluxe Version)
Purity Ring,Shrines
Pinegrove,Cardinal (Expanded Edition)
Bambara,Stray
Junebug,Kentucky Route Zero (Original Soundtrack)
Apes of the State,This City Isn't Big Enough
Neko Case,Fox Confessor Brings The Flood (Bonus Track Version)
Adrianne Lenker,Hours Were The Birds
mewithoutYou,[Untitled]
mewithoutYou,Brother Sister
Los Cojolites,Sembrando Flores
Interpol,Turn on the Bright Lights
Natalia Lafourcade,Un Canto por México Vol. 1
The Knife,Deep Cuts
Caroline Polachek,Desire I Want to Turn Into You
Phoebe Bridgers,Stranger in the Alps (Deluxe Edition)
Burial,Antidawn EP
Misfits,Walk Among Us
Grizzly Bear,Veckatimest
Portishead,Dummy
Loveboner,I'm a Lover I'm a Fighter I'm a Hawk
Massive Attack,Mezzanine
Danny Brown,Atrocity Exhibition
CHVRCHES,Over
Arctic Monkeys,The Car
SZA,SOS
Low,Things We Lost In the Fire
Cœur de Pirate,En cas de tempête ce jardin sera fermé.
Bobby Womack,Communication
Neutral Milk Hotel,Ferris Wheel on Fire
Lido Pimienta,Te Queria
Lido Pimienta,Miss Colombia
My Chemical Romance,The Foundations of Decay
My Chemical Romance,The Black Parade: The B-Sides
Kali Uchis,Moonlight
The Music Tapes,1st Imaginary Symphony for Nomad
Gorillaz,Cracker Island
Rage Against the Machine,The Battle of Los Angeles
Gabby's World,O.K.
Dolly Parton,Jolene
Thursday,No Devolución
Rage Against the Machine,Rage Against The Machine - XX (20th Anniversary Special Edition)
Thursday,Full Collapse
Murder By Death,Who Will Survive and What Will Be Left of Them?
L.S. Dunes,Past Lives
Leathermouth,XO
My Chemical Romance,The Black Parade
Evanescence,Fallen
Alison Krauss,O Brother Where Art Thou? (Original Motion Picture Soundtrack)
Young Fathers,Tape One
Young Fathers,Automatic / Dancing Mantaray
Young Fathers,Heavy Heavy
The Mountain Goats,In League With Dragons
The Mountain Goats,All Hail West Texas (Remastered)
Algiers,I Can't Stand It!
Michelle,After Dinner We Talk Dreams
Hop Along,Bark Your Head Off Dog
Harry Nilsson,Nilsson Schmilsson
Peaches,The Teaches of Peaches
Lin-Manuel Miranda,In The Heights (Original Broadway Cast Recording)
Nicole Dollanganger,Heart Shaped Bed
Murder By Death,Red Of Tooth And Claw
My Chemical Romance,Number Five
Buzzcocks,Operators Manual (Buzzcocks Best)
Operation Ivy,Operation Ivy (2007 Remaster)
Rammstein,Made In Germany 1995 - 2011 (Special Edition)
Against Me!,Transgender Dysphoria Blues
System of a Down,Toxicity
Green Day,Dookie
Napalm Death,The Best of Napalm Death
Paramore,RIOT!
Frank Iero,parachutes
Korn,Korn
Subhumans,The Day the Country Died
Anti-Flag,Mobilize
Against Me!,Shape Shift with Me
The Cure,Disintegration (2010 Remaster)
DEATH SPELLS,Nothing Above Nothing Below
Linqua Franqa,Bellringer
boygenius,the record
Lucy Dacus,Historian
my bloody valentine,Loveless
tricot,不出来
Bobby Womack,The Bravest Man in the Universe
Wilson Pickett,Hey Jude
Weyes Blood,And In The Darkness Hearts Aglow
Burial,Untrue
Nicole Dollanganger,Married in Mount Airy
They Might Be Giants,Flood
Ethel Cain,Golden Age
Ethel Cain,Crush (Stripped)
Ethel Cain,Carpet Bed EP
Low,HEY WHAT
Milk & Bone,Little Mourning
Milk & Bone,Chrysalism
Burial,Streetlands EP
Xiu Xiu,Pahrump
Saint Ephraim Male Choir,Wings
Florence + the Machine,How Big How Blue How Beautiful (Deluxe)
Julien Baker,Sprained Ankle
M83,Fantasy - Chapter 1
Lana Del Rey,Did you know that there's a tunnel under Ocean Blvd
Lana Del Rey,A&W
Wednesday Campanella,Galapagos
The Star Killers,American Blues
Opeth,Damnation
Emma Ruth Rundle,May Our Chambers Be Full
Blur,Blur (Special Edition)
Angus & Julia Stone,Angus & Julia Stone (Deluxe)
Ólafur Arnalds,re:member
Little Simz,NO THANK YOU
Harry Nilsson,A Little Touch of Schmilsson in the Night
Sweet Flood,Lavender
Laura Marling,Lump
Anaïs Mitchell,Anaïs Mitchell
Rebecca Black,Let Her Burn
The Postal Service,Give Up (Deluxe 10th Anniversary Edition)
Brand New,Science Fiction
Burial,Burial
Blank Banshee,Mega
Blank Banshee,BLANK BANSHEE 0
Spellling,The Turning Wheel
Purity Ring,another eternity
on4word,In Rainbow Roads
Phoebe Bridgers,Punisher
Elita,She Bangs Like a Fairy on Acid
FKA twigs,CAPRISONGS
Shura,forevher
Simon & Garfunkel,Wednesday Morning 3 A.M.
Parannoul,To See the Next Part of the Dream
Michelle,HEATWAVE
Radiohead,A Moon Shaped Pool
Radiohead,In Rainbows
Kali Uchis,Sin Miedo (del Amor y Otros Demonios) ∞
Ivan Ulz,Songs From the Old School
Florence + the Machine,Ceremonials (Deluxe Edition)
Kidsongs,Christmas Songs for Kids
Kate Bush,The Dreaming (2018 Remaster)
The Cure,Disintegration (Deluxe Edition)
Gerard Way,Baby You're a Haunted House
Chris Remo,Firewatch (Original Score)
Malajube,Trompe l'œil
Florence + the Machine,Moderation
Blind Willie Johnson,Dark Was the Night (Mojo Workin'- Blues for the Next Generation)
sad13,Haunted Painting
Chrissy Chlapecka,I'm So Hot
CHVRCHES,Out Of My Head
CHVRCHES,Love is Dead
CHVRCHES,Screen Violence
The Knife,Silent Shout (Audio/Visual Experience)
tricot,3
HMLTD,The Worm
Little Simz,Sometimes I Might Be Introvert
Fever Ray,Kandy
boygenius,boygenius
King Vision Ultra,SHOOK WORLD (hosted by Algiers)
William Basinski,The Disintegration Loops (Remastered)
Radiohead,The Bends
Backxwash,I LIE HERE BURIED WITH MY RINGS AND MY DRESSES
Wednesday Campanella,NEON
Yves Tumor,Echolalia
Nicole Dollanganger,Curdled Milk
Julien Baker,Turn Out the Lights
Catch 22,Permanent Revolution
Triste Janero,Meet Triste Janero
Weldon Irvine,The Sisters
DJ Harrison,Stashboxxx
Piero Umiliani,La ragazza dalla pelle di luna
Cortex,Cortex Vol. 2
Mulatu Astatke,Mulatu of Ethiopia
Yusef Lateef,Suite 16
Cortex,Troupeau Bleu
Giuliano Sorgini,Lavoro E Tempo Libero
El Michels Affair,Adult Themes
Alessandro Alessandroni,Panoramic Feelings (Mellow Carefree Lounge Music)
Alan Tew,Drama Suite Part II
Alain Goraguer,La Planète Sauvage (Original Motion Picture Soundtrack)
Piero Umiliani,Il corpo
Kali Uchis,I Wish You Roses
Florence + the Machine,Morning Elvis (Live At Denver Ball Arena)
Eddie Vedder,Into The Wild (Music for the Motion Picture)
Rammstein,Remixes
Rammstein,Zeit
Burial,Nova / Moth
Gabby's World,Sank
Wednesday Campanella,YAKUSHIMA TREASURE
Yves Tumor,God Is a Circle
July Talk,Remember Never Before
Miserable,Uncontrollable
Charli XCX,Vroom Vroom EP
Pinegrove,Skylight
Queen,Sheer Heart Attack (Deluxe Remastered Version)
Café Tacvba,Re
Neutral Milk Hotel,In the Aeroplane Over the Sea
Lucy Dacus,No Burden
Dorian Electra,Flamboyant (Deluxe)
Angel Olsen,MY WOMAN
Magdalena Bay,Mercurial World
The Garages,The Ballad of Unremarkable Derrick Krueger
The Garages,DISCIPLINE
Charli XCX,Charli
Dorian Electra,My Agenda
The 1975,I like it when you sleep for you are so beautiful yet so unaware of it
Orville Peck,Summertime
Better Oblivion Community Center,Better Oblivion Community Center
Carly Rae Jepsen,E·MO·TION (deluxe)
Steven Universe,Steven Universe Vol. 1 (Original Soundtrack)
Kali Uchis,Isolation
The Weeknd,After Hours
Rhiannon Giddens,They're Calling Me Home (With Francesco Turrisi)
Tomoko Aran,浮遊空間
Hans Zimmer,The Ring/The Ring 2
Andy Stott,Faith In Strangers
Brian Eno,Ambient 2: The Plateaux Of Mirror (Remastered 2004)
Tenacious D,Tenacious D
Bleachers,Gone Now
100 gecs,1000 gecs
Disasterpeace,It Follows (Original Motion Picture Soundtrack)
Let's Eat Grandma,I'm All Ears
The Voidz,Virtue
St. Vincent,Daddy's Home
Lemon Demon,Spirit Phone
Tyler the Creator,IGOR
The xx,I See You (Deluxe)
Yeah Yeah Yeahs,Fever To Tell (Deluxe Remastered)
Wet Leg,Wet Leg
Vienna Teng,Inland Territory
dsiboys,dsiboys
The Clash,Combat Rock (Remastered)
Kali Uchis,Por Vida
The Microphones,The Glow Pt. 2
Disasterpeace,FEZ (Original Game Soundtrack)
Boards of Canada,Music Has the Right to Children
Frightened Rabbit,Recorded Songs
Julien Baker,Tiny Changes: A Celebration of Frightened Rabbit's 'The Midnight Organ Fight'
Streetlight Manifesto,99 Songs Of Revolution Vol. 1
First of October,Gourmet Ravioli
PVRIS,White Noise
Hoity-Toity,Not Your Kind
Dropkick Murphys,Blackout
Against Me!,Searching for a Former Clarity
Loma,Don't Shy Away
Hovvdy,True Love
Jeff Rosenstock,SKA DREAM
Original Cast of Hadestown,Hadestown: The Myth. The Musical. (Original Cast Recording) [Live]
Childish Gambino,3.15.20
slowthai,Nothing Great About Britain
The Mountain Goats,Beat the Champ
Mitski,Puberty 2
Murder By Death,
Badfinger,No Dice (Remastered 2010 / Deluxe Edition)
The Beatles,The Beatles
Yaeji,WHAT WE DREW 우리가 그려왔던
The Strokes,The New Abnormal
Wild Pink,ILYSM
De La Soul,The Magic Number
Tune-Yards,w h o k i l l
Cocteau Twins,Heaven or Las Vegas
Colin Stetson,New History Warfare Vol. 3: To See More Light
Tegan and Sara,The Con
Lucy Dacus,Hot & Heavy
Gorillaz,Gorillaz
JPEGMAFIA,EP!
Perfect Pussy,Say Yes to Love
Car Seat Headrest,Twin Fantasy
Florence + the Machine,Dance Fever
Daniel Olsén,Sayonara Wild Hearts
Ashnikko,Cry (feat. Grimes)
Yaeji,For Granted
The Avalanches,We Will Always Love You
Julee Cruise,Soundtrack From Twin Peaks
Thom Yorke,Suspiria (Music for the Luca Guadagnino Film)
Dolly Parton,Coat of Many Colors
Thou,The House Primordial
Sohn Aelia,Herinneringen
Paramore,C'est Comme Ça
Half Waif,form/a
Nicole Dollanganger,Natural Born Losers
Blanck Mass,In Ferneaux
Ben Salisbury,Men (Original Motion Picture Soundtrack)
Jack Johnson,In Between Dreams
Geek Music,Sailor Moon: Moonlight Densetsu: Opening Theme
AIYUKI,AIYUKI #1 -Haneda International Music Festival Presents-
Yves Tumor,Heaven to a Tortured Mind
Xiu Xiu,Maybae Baeby
Brand New,Mene
Panopticon,Kentucky
Big Thief,Dragon New Warm Mountain I Believe in You
Nicole Dollanganger,Covers
Murder By Death,In Bocca Al Lupo
M83,Oceans Niagara
The Beatles,Sgt. Pepper's Lonely Hearts Club Band (Deluxe Edition)
Bad Books,Bad Books (10th Anniversary Edition)
Perfume Genius,Set My Heart on Fire Immediately
Nicole Dollanganger,Ode to Dawn Wiener: Embarrassing Love Songs
Elliott Smith,From a Basement on the Hill
Neko Case,Blacklisted
Brand New,The Devil and God Are Raging Inside Me
Kevin Devine,I Could Be The Only One
Magdalena Bay,day/pop
Kevin Devine,Brother's Blood
Murder By Death,Bitter Drink Bitter Moon
Phil Collins,Face Value (2016 Remaster)
Michael Kiwanuka,KIWANUKA
Little Simz,GREY Area
Simon & Garfunkel,Bookends
mewithoutYou,It's All Crazy! It's All False! It's All A Dream! It's Alright
KIDZ BOP Kids,KIDZ BOP Christmas Party!
Arctic Monkeys,Tranquility Base Hotel & Casino
Low,I Could Live in Hope
Quin,Dreamgirl
Nicole Dollanganger,Runnin' Free
Nicole Dollanganger,Gold Satin Dreamer
Nicole Dollanganger,Whispering Glades
Girlpool,Before the World Was Big
Nine Inch Nails,With Teeth
Motörhead,Ace Of Spades (Expanded Edition)
Dead Country,Gestalt Et Death
Takuya Kuroda,Midnight Crisp
Kevin Devine,Split the Country Split the Street
Sungazer,Sungazer Vol. 1
Adam Neely,Hello
Jae Soto,Relax Your Mind
Jae Soto,Is Anybody Out Here?
Sungazer,Perihelion
black midi,Cavalcade
Falling in Reverse,The Drug In Me Is You
System of a Down,Vicinity Of Obscenity/Lonely Day
Tenacious D,The Pick of Destiny
System of a Down,Steal This Album!
System of a Down,Hypnotize
Falco,Falco 3
Falco,Einzelhaft
Boy Harsher,The Runner (Original Soundtrack)
The 1975,Being Funny in a Foreign Language
Green Day,Nimrod
The Specials,Too Much Too Young
Rammstein,Herzeleid (XXV Anniversary Edition – Remastered)
King Woman,Celestial Blues
Eliza Rickman,O You Sinners
Message To Bears,Folding Leaves
Tears for Fears,Songs From The Big Chair (Deluxe)
Angelique Kidjo,Remain In Light
Car Seat Headrest,Teens of Denial
Anaïs Mitchell,Hadestown
John Jacob Magistery,Phantom I / Are You Too Sensitive?
Orchards,Lovecore
The Last Shadow Puppets,Everything You've Come to Expect (Deluxe Edition)
Clairo,Sling
Lucy Dacus,Home Video
Elliott Smith,Either/Or
Radiohead,Kid A
FKA twigs,MAGDALENE
Sublime,Sublime
Sleater-Kinney,Call the Doctor (Remastered)
Siouxsie and the Banshees,Juju
JPEGMAFIA,HAZARD DUTY PAY!
Siouxsie and the Banshees,The Scream
Frightened Rabbit,The Midnight Organ Fight
Built to Spill,Keep It Like a Secret
Blood On The Harp,Ghost(s) Vol.1
Johnny Cash,At Folsom Prison
Cigarettes After Sex,I.
Cigarettes After Sex,Cigarettes After Sex
Queen,A Night At The Opera (Deluxe Remastered Version)
Car Seat Headrest,Twin Fantasy (Mirror to Mirror)
Black Country New Road,For the First Time
Erin McKeown,ACCORDING TO US
Frex,blu
Alvvays,Blue Rev
Ólafur Arnalds,For Now I Am Winter
Ólafur Arnalds,some kind of peace
Seth Parker,Bugsnax (Original Soundtrack)
Andrew Prahlow,Outer Wilds (Original Soundtrack)
Vangelis,Blade Runner (Music From the Original Soundtrack)
Matt Smith,American Psycho (Original London Cast Recording)
Paul Simon,Still Crazy After All These Years
Buena Vista Social Club,Buena Vista Social Club
Angel Olsen,Big Time
Ólafur Arnalds,some kind of peace — piano reworks
Blood On The Harp,Ghost(s) Vol. 1
Fleet Foxes,Shore
Gotye,Like Drawing Blood
Rammstein,Herzeleid
Pinegrove,Cardinal
Bon Iver,22 a Million
Thou,Inconsolable
The Rolling Stones,Let It Bleed
Pinegrove,Marigold (Expanded Edition)
The Beach Boys,The Beach Boys' Christmas Album
Bright Eyes,A Christmas Album
Darlene Love,A Christmas Gift for You From Phil Spector
Johnny Cash,I Walk the Line (Original Soundtrack Recording)
Mary Epworth,Dream Life
HMLTD,West of Eden
HMLTD,Death Drive
Teen Suicide,dc snuff film / waste yrself
Elia y Elizabeth,La Onda de Elia y Elizabeth
Elastica,Elastica
Lake,Let's Build A Roof
Depeche Mode,Ultra | The 12 Singles
Depeche Mode,Violator (2006 Remaster)
Depeche Mode,Music For The Masses (2006 Remaster)
Depeche Mode,Speak & Spell (2006 Remaster)
Massive Attack,Four Walls/Paradise Circus
Blood Orange,Coastal Grooves
Clairo,diary 001
Doomtree,No Kings
Tyler the Creator,Flower Boy
Soko,Sweet Sound of Ignorance
Soko,Diabolo Menthe
Soko,My Dreams Dictate My Reality
Childish Gambino,Awaken My Love!
Darling Violetta,Parlour
Cryalot,Icarus
Asian Glow,Weatherglow
Andy Hull and Robert McDowell,Swiss Army Man (Original Motion Picture Soundtrack)
Sophie,OIL OF EVERY PEARL'S UN-INSIDES
Injury Reserve,By the Time I Get to Phoenix
Those Poor Bastards,Satan Is Watching
Phoebe Bridgers,So Much Wine
King Woman,Doubt
King Woman,I Wanna Be Adored (Digital Single)
Lingua Ignota,WICKED GAME
Lingua Ignota,CALIGULA
Syd Matters,Someday We Will Foresee Obstacles
tricot,tricot on Audiotree Live
Cigarettes After Sex,Pistol
Those Poor Bastards,God Awful
Julien Baker,Funeral Pyre / Distant Solar Systems
King Woman,Created in the Image of Suffering
Lingua Ignota,SINNER GET READY
Flans,Luz Y Sombra
Björk,Fossora
Nirvana,MTV Unplugged in New York
Cross Record,Cross record
Black Dresses,Peaceful as Hell
Good Morning,Shawcross
Good Morning,Glory
Sparklehorse,It Will Never Stop
Anamanaguchi,[USA]
Gotye,Making Mirrors
BLACKSTARKIDS,Cyberkiss*
Hepcat,Right on Time
Hepcat,Out of Nowhere
Big Thief,Masterpiece
Thom Yorke,ANIMA
Rammstein,Rosenrot
Phoebe Bridgers,Kyoto (Glitch Gum Remix)
JPEGMAFIA,CALL ME MAYBE
Fiona Apple,Fetch the Bolt Cutters
Backxwash,HIS HAPPINESS SHALL COME FIRST EVEN THOUGH WE ARE SUFFERING
Natalia Lafourcade,Un Canto por México Vol. II
Special Interest,Endure
TOPS,Picture You Staring
Djo,DECIDE
The Blue Nile,Hats
ROSALÍA,MOTOMAMI
Lana Del Rey,Norman Fucking Rockwell!
Frou Frou,Details (20th Anniversary Edition)
System of a Down,System of a Down
AJJ,The Bible 2
Manu Chao,Próxima Estación: Esperanza
Field Mouse,Episodic
Peak Divide,UNBEATABLE: DEMO TAPES
Caroline Polachek,Welcome to My Island
Cigarettes After Sex,Cry
Cigarettes After Sex,Neon Moon
Cigarettes After Sex,Affection
Cigarettes After Sex,You're All I Want
Daniele Luppi,Charm of Pleasure
Snow Patrol,Greatest Hits
Gotye,Learnalilgivinanlovin
Gotye,Boardface
Ben Babbitt,Kentucky Route Zero- Memory Overflow
Natalia Lafourcade,Hasta la Raíz (Edición Especial)
Slayyyter,Slayyyter
Sparklehorse,Good Morning Spider
Milk & Bone,DIVE
Jim Williams,Titane (Original Motion Picture Soundtrack)
Steven Price,Last Night In Soho (Original Motion Picture Score)
Nicholas Britell,Andor: Vol. 1 (Episodes 1-4) [Original Score]
Luis Miguel,Soy Como Quiero Ser
Bikini Kill,The Singles
Big Thief,Capacity
Varsovia,Diseñar y Destruir
Varsovia,Recursos Inhumanos
tricot,T H E
Grimes,Visions
Prurient,Creationist
Los Cojolites,No Tiene Fin
tricot,エンドロールに間に合うように
tricot,アクアリウム
tricot,#アチョイ
Algiers,Irreversible Damage
JPEGMAFIA,LP!
Stormzy,This Is What I Mean
Jimmy Eat World,Bleed American
Julee Cruise,Floating Into the Night
Common Holly,When I say to you Black Lightning
Playboi Carti,Whole Lotta Red
Open Mike Eagle,Component System with the Auto Reverse
MGMT,11•11•11
BROCKHAMPTON,THE FAMILY
Natalia Lafourcade,De todas las flores
Blur,Parklife (Special Edition)
Simon & Garfunkel,Bridge Over Troubled Water
Simon & Garfunkel,Parsley Sage Rosemary And Thyme
Alabama Shakes,Sound & Color (Deluxe Edition)
Magdalena Bay,A Little Rhythm and a Wicked Feeling
Magdalena Bay,Mini Mix Vol. 1
Benjamin Clementine,At Least For Now (Deluxe)
Phoebe Bridgers,Have Yourself a Merry Little Christmas
Sparklehorse,Dreamt For Light Years In The Belly Of A Mountain
Phoebe Bridgers,Christmas Song
Phoebe Bridgers,7 O'Clock News / Silent Night
Phoebe Bridgers,If We Make It Through December
In Love With a Ghost,healing
Bob Dylan,Blonde on Blonde
Benjamin Clementine,And I Have Been
Savages,Words to the Blind
Kero Kero Bonito,Civilisation II
Kero Kero Bonito,Civilisation I
Hatchie,Sugar & Spice
IDLES,CRAWLER
Florence + the Machine,Heaven Is Here (IDLES Remix)
Jerry Goldsmith,Alien
Jerry Goldsmith,Gremlins (Original Motion Picture Soundtrack)
Jonathan Eng,Year Walk
Jason Graves,Dead Space (Original Soundtrack)
Xiu Xiu,Plays the Music of Twin Peaks
Boy Harsher,Careful
Boy Harsher,Lesser Man EP
Ólafur Arnalds,Eulogy for Evolution 2017 (Remastered 10th Anniversary Edition)
Fever Ray,What They Call Us
The Knife,Shaking the Habitual
100 gecs,1000 gecs and The Tree of Clues
Kero Kero Bonito,Intro Bonito
Xiu Xiu,Girl with Basket of Fruit
Arctic Monkeys,Whatever People Say I Am That's What I'm Not
The Last Shadow Puppets,The Age of the Understatement
Britney Spears,In the Zone
Lucy Dacus,Kissing Lessons
Beach House,Thank Your Lucky Stars
Paramore,After Laughter
Kero Kero Bonito,Civilisation
The Knife,Silent Shout
Franz Ferdinand,Franz Ferdinand
Carly Rae Jepsen,Kiss (Deluxe)
Vince Staples,Big Fish Theory
Gorillaz,Song Machine Season One: Strange Timez (Deluxe)
Denzel Curry,TA13OO
Kid Metropolis,Future Future
The Northern Boys,Party Time
Jeff Rosenstock,NO DREAM
Hatchie,Giving the World Away
Charli XCX,Pop 2
Pinegrove,11:11
Denzel Curry,Melt My Eyez See Your Future
St. Vincent,St. Vincent (Deluxe Edition)
Tengger Cavalry,Cavalry in Thousands
Deafheaven,Sunbather
Venom,Welcome To Hell
Hatchie,Keepsake
The Last Shadow Puppets,The Dream Synopsis
Manchester Orchestra,No Rule
Kevin Devine,Liar Liar
Skatune Network,SKALLOWEEN
Pinegrove,Pinegrove on Audiotree Live
Skatune Network,Wii Sports
Skatune Network,Wii Would Like to Play
Skatune Network,Skatune Skatoons!
Fever Ray,Carbon Dioxide
Disasterpeace,Hyper Light Drifter
Hatchie,Nosedive
Les Sœurs Boulay,Échapper à la nuit
JPEGMAFIA,Veteran
Blank Banshee,BLANK BANSHEE 1
Polygon Dream,Zeldawave II // 近藤 浩治 // MM
Polygon Dream,Zeldawave // 近藤耕治 // OOT
Adrianne Lenker,instrumentals
Disasterpeace,Disasters for Piano
Nils Frahm,Old Friends New Friends
Magdalena Bay,Mini Mix Vol. 2
BROCKHAMPTON,Big Pussy
Magdalena Bay,night/pop
Magdalena Bay,Waking Up
Magdalena Bay,Mercurial World (Deluxe)
Lingua Ignota,AGNUS DEI
Modest Mussorgsky,Tchaikovsky: 1812 Overture - Rimsky-Korsakov: Russian Easter Festival - Borodin: Prince Igor - Mussorgsky: Night on Bald Mountain
The National,Trouble Will Find Me
Milk & Bone,Deception Bay
Alexander Avila,October Conspiracy
Jacques Labrecque,100 Ans De Chansons Folkloriques Au Québec
Placebo,Sleeping with Ghosts
The Hirs Collective,We're Still Here
Leonard Cohen,You Want It Darker
Florence + the Machine,Dance Fever (Live At Madison Square Garden)
John Mayer,Continuum
Fergie,The Dutchess
The Killers,Hot Fuss (International Version Ecopac)
Whitney Houston,Whitney
Equinox Stars,Just Dance (Original Creations & Covers from the Video Game)
The Jacksons,Destiny
Hannah Montana,Hannah Montana
Wham!,Make It Big
Cher,Believe
Calle 13,Calle 13 (Explicit Version)
Avril Lavigne,Let Go
Avril Lavigne,The Best Damn Thing (Expanded Edition)
Dua Lipa,Future Nostalgia
Destiny's Child,The Writing's on the Wall
Katy Perry,Teenage Dream
The Weather Girls,Success
Lunay,Soltera (Remix)
JPEGMAFIA,OFFLINE!
Katy Perry,One of the Boys
Anamanaguchi,Endless Fantasy
The Pointer Sisters,Break Out (1983 Version - Expanded Edition)
Queen,Hot Space
Ashnikko,Hi It's Me
Madonna,Celebration (Double Disc Version)
Cyndi Lauper,She's So Unusual
Beach House,Once Twice Melody
Montell Jordan,This Is How We Do It
Streetlight Manifesto,Everything Goes Numb
John Travolta,Grease (The Original Motion Picture Soundtrack)
Christine and the Queens,Chris
The Buggles,The Age of Plastic
The Strokes,Is This It
Right Said Fred,Up
Molotov,¿Dónde Jugarán Las Niñas?
Kiss,Dynasty
Spice Girls,Spice
Bizarrap,Quevedo: Bzrp Music Sessions Vol. 52
Maluma,F.A.M.E.
Rauw Alejandro,Todo De Ti
Florence + the Machine,Lungs (Deluxe Edition)
Sophie Ellis-Bextor,Read My Lips
Rick Astley,Whenever You Need Somebody
Lady Gaga,The Fame
Eloi,jtm de ouf
ROSALÍA,Con Altura
Britney Spears,Oops!... I Did It Again
Lou Bega,A Little Bit Of Mambo
Tame Impala,Currents
Bad Bunny,Yonaguni
La Bouche,Best Of La Bouche feat. Melanie Thornton (feat. Melanie Thornton)
Christine and the Queens,La vita nuova
Christine and the Queens,la chanson du chevalier
Echo & the Bunnymen,Ocean Rain (Expanded
Mareux,Glass (feat. King Woman)
Hozier,Hozier
Deftones,Ohms
Taylor Swift,Fearless
Brittany Howard,Jaime
Natalia Lafourcade,Mi manera de querer
Michelle,PULSE
yeule,Glitch Princess
Gorillaz,Humanz (Deluxe)
Death Cab for Cutie,Transatlanticism
Carly Rae Jepsen,Talking to Yourself
Taylor Swift,Midnights
Caroline Polachek,Pang
Chairlift,Something
Perfume Genius,No Shape
Thundercat,Drunk
Ólafur Arnalds,…And They Have Escaped The Weight Of Darkness
Wardruna,Kvitravn
Bruno Coulais,Coraline
Wardruna,Kvitravn - First Flight of the White Raven
Denzel Curry,Melt My Eyez See Your Future (The Extended Edition)
Florist,Florist
Janelle Monáe,Dirty Computer
Bon Iver,For Emma Forever Ago
Leslie Odom Jr.,Hamilton (Original Broadway Cast Recording)
Will Wood,In Case I Make It
July Talk,After This / Certain Father / Hold
Arctic Monkeys,Body Paint
Carly Rae Jepsen,The Loneliest Time (feat. Rufus Wainwright)
Yiruma,We Contain Multitudes — piano reworks
Beyoncé,RENAISSANCE
Fever Ray,Fever Ray
Gorillaz,Demon Days
The Front Bottoms,Devinyl Splits no. 12
CHAI,WINK
Bauhaus,In the Flat Field
Weyes Blood,Titanic Rising
Hovvdy,Cranberry
Arlo Parks,Collapsed in Sunbeams
Evicshen,Hair Birth
Alex G,God Save the Animals
Neko Case,case/lang/veirs
Colin Stetson,Hereditary (Original Soundtrack Album)
Liturgy,93696
Rage Against the Machine,The Battle Of Mexico City (Live)
Nü Sensae,sundowning
Carly Rae Jepsen,Western Wind
Carly Rae Jepsen,Beach House
Anamanaguchi,Miku
Pussy Riot,HATEFUCK
Blur,The Great Escape (Special Edition)
Lump,Animal
Gorillaz,Plastic Beach
Little Simz,Drop 6
Fever Ray,Plunge
Arctic Monkeys,Humbug
Arctic Monkeys,Favourite Worst Nightmare (Standard Version)
clipping. and Blectum from Blechdom,REMXNG 2.3
Jessica Curry,Dear Esther (Original Game Soundtrack)
Harold Budd,The Pavilion Of Dreams
Arctic Monkeys,Suck It and See
American Football,American Football (LP3)
Soda Stereo,Nada Personal (Remastered)
St. Vincent,MASSEDUCTION
Chairlift,Does You Inspire You
clipping.,CLPPNG
Gerard Way,Hesitant Alien
Gerard Way,Pinkish / Don't Try
Kevin Devine,Matter Of Time
Laura Marling,Song For Our Daughter
Elton John,Goodbye Yellow Brick Road (40th Anniversary Celebration / Super Deluxe)
Elton John,Goodbye Yellow Brick Road (Remastered)
Suzanne Vega,Solitude Standing
clipping.,REMXNG 2.2
clipping.,REMXNG 2.1
Bérurier Noir,Chant des meutes (Live)
Japanese Breakfast,Jubilee
Muse,The Resistance
Machine Girl,WLFGRL
Laura Jane Grace,Stay Alive
Boy Harsher,Country Girl Uncut
Natalia Lafourcade,Tierra Querida
Travis Morrison,Travistan
Samia,Kill Her Freak Out
Cyber Intima 現実,NOW THAT'S WHAT I CALL VAPORWAVE
Arctic Monkeys,There’d Better Be a Mirrorball
Throbbing Gristle,20 Jazz Funk Greats (Remastered)
Mark Korven,The Lighthouse (Original Motion Picture Soundtrack)
Bon Iver,ii
Wild Pink,A Billion Little Lights
Mal Blum,Pity Boy
Arcade Fire,The Suburbs
MIMIDEATH,FOAR EVERYWUN FRUM MIMI
MIMIDEATH,Effective. Power
Angel Olsen,All Mirrors
Laura Jane Grace & the Devouring Mothers,Bought to Rot
The Antlers,Hospice
Emma Ruth Rundle,The Helm of Sorrow
The xx,xx
my bloody valentine,m b v
Little Dragon,Opening The Door
Death Cab for Cutie,Asphalt Meadows
The Cure,4:13 Dream
The Cure,Three Imaginary Boys (Deluxe Edition)
EKKSTACY,i just want to hide my face
The Mountain Goats,Bleed Out
Boy Harsher,Burn It Down
Brand New,Deja Entendu
David Tennant,Late Night Tales: Ólafur Arnalds
Algiers,Bite Back
Paul Simon,Graceland
Bon Iver,Blood Bank
Momoko Kikuchi,Adventure
MIMIDEATH,snow
Machine Girl,RePorpoised Phantasies
Kero Kero Bonito,Time 'n' Place
Satanicpornocultshop,Arkhaiomelisidonophunikheratos
Mort Garson,Didn't You Hear?
Lamp,ランプ幻想
Sweet Trip,Velocity: Design: Comfort.
Algiers,Algiers
Mary Lattimore,Silver Ladders
Weyes Blood,It's Not Just Me It's Everybody
Kero Kero Bonito,Bonito Generation
mewithoutYou,Other Stories
Alice Glass,PREY//IV
Mobina Galore,Don't Worry
Rammstein,RAMMSTEIN
Riz Ahmed,The Long Goodbye
Those Poor Bastards,The Plague
Kate Bush,The Dreaming
Swet Shop Boys,Sufi La
The Front Bottoms,Talon of the Hawk
mewithoutYou,I Never Said That I Was Brave
Sophie,Just Like We Never Said Goodbye
Gabby's World,Year of the Rabbit
Colin Stetson,All This I Do For Glory
Laura Jane Grace,At War With The Silverfish
Wild Pink,Hold My Hand
mewithoutYou,Pale Horses
Greg Brown,Further In
Orville Peck,Pony
José González,In Our Nature
Beach House,Depression Cherry
Turnstile,GLOW ON
Talking Heads,Remain In Light (Deluxe Version)
Soda Stereo,Canción Animal (Remastered)
Blur,Blur: The Best Of
The Dreadnoughts,Polka's Not Dead
My Chemical Romance,The Mad Gear and Missile Kid EP
The National,Weird Goodbyes (feat. Bon Iver)
My Chemical Romance,Life on the Murder Scene
My Chemical Romance,Welcome To The Black Parade
My Chemical Romance,Danger Days: The True Lives of the Fabulous Killjoys
Anaïs Mitchell,The Brightness
Amanda Palmer,There Will Be No Intermission
The 1975,I'm in Love with You
My Chemical Romance,I Brought You My Bullets You Brought Me Your Love
Anamanaguchi,S/S17
Rhythms Del Mundo,Rhythms Del Mundo Cuba
Modest Mouse,The Lonesome Crowded West
Matthewせいじ,Celeste B-Sides (Original Game Soundtrack)
Colin Stetson,never were the way she was
Gorillaz,New Gold (feat. Tame Impala and Bootie Brown)
The Voidz,Alien Crime Lord
Fleet Foxes,Fleet Foxes
mewithoutYou,[untitled] e.p.
Joe Cocker,Cocker
Kim Petras,Slut Pop
Doja Cat,Planet Her
Emeline,STRUT
Ashnikko,DEMIDEVIL
Will Wood and the Tapeworms,SELF-iSH (2020 Remastered Version)
JPEGMAFIA,EP2!
Purity Ring,WOMB
Cymbals Eat Guitars,Pretty Years
Foals,Antidotes
Manchester Orchestra,The Gold (Phoebe Bridgers Version)
David Bowie,Hunky Dory (2015 Remaster)
CHVRCHES,Every Open Eye
Florence + the Machine,High as Hope
King Princess,Make My Bed
Pinegrove,Amperland NY
EKKSTACY,i want to die in your arms
DJ Perro,Marduk
Anamanaguchi,Everyday Everynight
Emel,Everywhere We Looked Was Burning
CrossRoad Panic,EP-Brouillon
Phoebe Bridgers,Stranger in the Alps
The 1975,IV EP
Kero Kero Bonito,The Sneaker Dance
Spiritualized,Everything Was Beautiful
Original Broadway Cast of Hadestown,Hadestown (Original Broadway Cast Recording)
Perfume,PLASMA
Grimes,Art Angels
Disasterpeace,Marcel The Shell With Shoes On (Original Motion Picture Soundtrack)
Anamanaguchi,Scott Pilgrim vs. the World: The Game (Original Videogame Soundtrack)
Usher,Confessions (Expanded Edition)
Magroove,B Cool (feat. Melanie Faye)
Mother Goose Club,Mother Goose Club Sings Nursery Rhymes Vol. 4: Row Row Row Your Rhyme
mewithoutYou,Catch for Us the Foxes
Disasterpeace,Bodies Bodies Bodies (Original Motion Picture Soundtrack)
Perfume Genius,IMMEDIATELY Remixes
Against Me!,Reinventing Axl Rose
Bright Eyes,I'm Wide Awake It's Morning (Remastered)
Hayley Williams,Simmer (Caroline Polachek Remix)
Charles Aznavour,Entre deux rêves (Remastered 2014)
Childish Gambino,Summer Pack
ROSALÍA,El Mal Querer
Metric,Black Sheep (Brie Larson Vocal Version)
Tears for Fears,The Hurting
Hovvdy,billboard for my feelings
Death Cab for Cutie,Here to Forever
Depeche Mode,Violator | The 12 Singles
Blur,13 (Special Edition)
Lena Raine,Celeste (Original Soundtrack)
TomppaBeats,Habits
Gulfer,Greetings / Barely
Bright Eyes,Down In The Weeds Where The World Once Was
Bright Eyes,I'm Wide Awake It's Morning
Kero Kero Bonito,It's Bugsnax!
Coldplay,Music of the Spheres
Sophie,Lemonade
A. L. Lloyd,An Evening With A. L. Lloyd
Right Away Great Captain!,The Church Of The Good Thief
Big Thief,U.F.O.F.
Bright Eyes,Old Soul Song (for the New World Order) [Companion Version]
Phoebe Bridgers,Kyoto (Bartees Strange Remix)
Anamanaguchi,Pop It
July Talk,Pray For it
Sam Smith,Love Goes
Weird Al Yankovic,The Hamilton Polka
Tears for Fears,Rule the World: The Greatest Hits
Yumi Kimura,Spirited Away Soundtrack
Gerard Way,Hazy Shade of Winter (feat. Ray Toro)
Nathan Evans,Wellerman (Sea Shanty)
Gorillaz,The Now Now
The Hoosiers,The Trick To Life
a-ha,Hunting High and Low
Arcade Fire,WE
Anamanaguchi,Water Resistant
Arctic Monkeys,AM
Porter Robinson,Nurture
Porter Robinson,Everything Goes On
Anamanaguchi,Stay Home
TomppaBeats,Harbor
MGMT,Little Dark Age
Quinn Christopherson,Raedeen
Quinn Christopherson,I am bubblegum
Quinn Christopherson,2005
Quinn Christopherson,Evelene
Quinn Christopherson,Thanks
Quinn Christopherson,Celine
Michael Abels,Nope (Original Motion Picture Soundtrack)
Pixies,Human Crime
Tristam,WLUWD
Dion Timmer,Internet Boy
Slime Girls,NO SUMMER NO CRY
C418,Minecraft - Volume Beta
Elvis Presley,Elvis' Golden Records
Winona Oak,Closure
Buffy the Vampire Slayer Cast,Once More With Feeling (Episode Soundtrack)
Snail Mail,Lush
The Proclaimers,Sunshine On Leith
Local Natives,Violet Street
Leonz,Among Us Trap Remix (Among Us Drip Theme)
Fleetwood Mac,Rumours
Lorde,Melodrama
The Postal Service,Give Up
The Cure,Wish
The 1975,Happiness
MGMT,Oracular Spectacular
MGMT,MGMT
Bobby McFerrin,The Collection
The Beach Boys,50 Big Ones: Greatest Hits
EKKSTACY,wish i was dead
Anamanaguchi,Power Supply
Blur,Think Tank (Special Edition)
Son Lux,Everything Everywhere All at Once (Original Motion Picture Soundtrack)
Spoon,Kill the Moonlight
Dr. Dog,B-Room (Deluxe Edition)
Dr. Dog,Shame Shame (Deluxe Edition)
The 1975,Part of the Band
jer,Ska Has Progressed Past the Need for Incels
Death Cab for Cutie,Narrow Stairs
Taylor Swift,folklore
Mitski,Be the Cowboy
Vanessa Carlton,Be Not Nobody
Florence + the Machine,Lungs
Half Waif,Probable Depths
Anamanaguchi,Hopes and Dreams
Anamanaguchi,Dreams
Anamanaguchi,Kei
Anamanaguchi,Styla
Porter Robinson,Get Your Wish (Anamanaguchi Remix)
Anamanaguchi,Vancouver
Anamanaguchi,Pixel Candle
Anamanaguchi,Jaime (feat. Jaime Brooks)
Perfume,COSMIC EXPLORER
Eichlers,My Checkered Future
The Velvet Underground,Loaded (2015 Remaster)
clipping.,CLBBNG
Beach House,Bloom
Iron & Wine,Around the Well
Christian Lee Hutson,The Version Suicides Vol. 1
Christian Lee Hutson,The Version Suicides Vol. 2
Purity Ring,Shrines X
Charles Mingus,Let My Children Hear Music
mewithoutYou,Ten Stories
Murder By Death,Spell/Bound
On Man,On Man
Christian Lee Hutson,Quitters
Interpol,Antics
Interpol,The Other Side of Make-Believe
Gulfer,Gulfer
The Count,A Series of Unfortunate Events Theme
Julien Baker,B-Sides
Ólafur Arnalds,Video Tape (From Surface)
Japanese Breakfast,Be Sweet (Korean Version)
Black Eyed Peas,The E.N.D. (The Energy Never Dies)
Gorillaz,Cracker Island (feat. Thundercat)
sineila,Mess
Kate Bush,Hounds of Love (2018 Remaster)
Chris Isaak,Heart Shaped World
Hiro Kone,Silvercoat the throng
M83,Saturdays = Youth
BROCKHAMPTON,SATURATION
Death Grips,The Money Store
Three Days Grace,One-X
Tomoko Aran,Fuyukukan
Little Dragon,Ritual Union
Chairlift,Moth
Owen,The Avalanche
George Michael,Ladies And Gentlemen... The Best Of George Michael
Quin,LUCID
Quin,crush
Lucy Dacus,In The Air Tonight
Teen Suicide,get high breathe underwater (#3)
ABBA,Voulez-Vous
Owen,The Avalanche Remixes
ConcernedApe,Stardew Valley (Original Game Soundtrack)
Weird Al Yankovic,Weird Al Yankovic
Right Away Great Captain!,The Eventually Home
Manchester Orchestra,I'm Like A Virgin Losing A Child
Bring Me the Horizon,POST HUMAN: SURVIVAL HORROR
Manchester Orchestra,A Black Mile to the Surface
Shura,Nothing's Real
Petal,Devinyl Splits Vol. 2: Kevin Devine & Friends
Bon Iver,Bon Iver
Carl Orff,Orff: Carmina Burana
Angus & Julia Stone,Down the Way
Christopher Larkin,Hollow Knight (Original Soundtrack)
Wilco,Yankee Hotel Foxtrot
Travi$ Scott,Don't Play (feat. The 1975 & Big Sean)
Julien Baker,guthrie
Takuya Kuroda,Fly Moon Die Soon
Andrew Lloyd Webber,The Phantom of the Opera
Adrianne Lenker,abysskiss
Mariachi Entertainment System,Contigo En La Distancia Social
Lion,Transformers The Movie
Felt,Crumbling the Antiseptic Beauty / The Splendour of Fear (Remastered Edition)
My Chemical Romance,Number One
Poe,Haunted
Right Away Great Captain!,The Bitter End
Rick Astley,The Best of Me
Rick Astley,Whenever You Need Somebody (Deluxe Edition - 2022 Remaster)
David Bowie,The Man Who Sold The World (2015 Remaster)
The 1975,A Brief Inquiry Into Online Relationships
Johann Sebastian Bach,Wow-Classics Feat. Mozart & Handel
Johann Sebastian Bach,Bach: Cello Suites Nos. 1 5 & 6
Erik Satie,Gnossienne No. 1
Wolfgang Amadeus Mozart,Piano Book (Deluxe Edition)
M.I.A.,Arular
Ludwig van Beethoven,The 50 Greatest Pieces of Classical Music
Claude Debussy,Debussy: Clair de Lune and Other Piano Favourites
Betoven Collection,Betoven - Best Piano Pieces
Erik Satie,Erik Satie & Friends
Bo Burnham,Inside
Taylor Swift,Red (Taylor's Version)
Daft Punk,Discovery
Manchester Orchestra,Simple Math
The 1975,Facedown EP
The 1975,Notes on a Conditional Form
A Tribe Called Quest,We Got It From Here... Thank You 4 Your Service
John Williams,Jaws (The Collector's Edition Soundtrack)
Skatune Network,Greetings from Ska Shores
Skatune Network,Ska Goes Emo Vol. 1
Skatune Network,Ska Goes Emo Vol. 2
Adventure Time,Adventure Time Vol.1 (Original Soundtrack)
Manchester Orchestra,The Million Masks Of God
Eric Whitacre,Light & Gold
Of the Veil,Between Life and Death
The Mountain Goats,Dark in Here
Steven Universe,Steven Universe: Season 1 (Original Television Score)
Christopher Larkin,HOLLOW KNIGHT PIANO COLLECTIONS
Kevin Devine,She Stayed As Steam
Tigers Jaw,Tigers Jaw
Eichlers,NEW TONE
Eichlers,i may b cute but I'm dumb af
jer,BOTHERED / UNBOTHERED
Twain,Life Labors in the Choir
Perfect Pussy,I Have Lost All Desire For Feeling
Petrol Girls,Baby
Low,Double Negative
Jacques Brel,L'Homme De La Mancha (Vol.13)
Nathaniel Rateliff & the Night Sweats,Nathaniel Rateliff & The Night Sweats
Soccer Mommy,Sometimes Forever
Japanese Breakfast,Psychopomp
Japanese Breakfast,Soft Sounds From Another Planet
FKA twigs,killer
Echo & the Bunnymen,Ocean Rain
Angel Olsen,Burn Your Fire For No Witness (Deluxe Edition)
MUNA,MUNA
Paramore,brand new eyes
Manchester Orchestra,Mean Everything To Nothing
Bartees Strange,Farm to Table
EKKSTACY,Negative
EKKSTACY,Uncomparable
Bartees Strange,Live Forever (Deluxe Edition)
Bartees Strange,Live Forever
The Mountain Goats,The Sunset Tree
Death Cab for Cutie,Roman Candles
Jack Stauber's Micropop,Baby Hotline / Tea Errors
I DONT KNOW HOW BUT THEY FOUND ME,Choke
BØRNS,Dopamine
Waterparks,Double Dare
Drehz,Filters
Denzel Curry,Arcane League of Legends (Soundtrack from the Animated Series)
Jack Stauber's Micropop,Inchman / Two Time
The Dresden Dolls,Yes Virginia
NOAHFINNCE,Underachiever
blackbear,everything means nothing
The Brobecks,Violent Things
Mother Mother,O My Heart
Michael Jackson,Thriller 25 Super Deluxe Edition
Ezra Bell,Farewell Griffin
Finish Ticket,Dream Song
Julian Koster,The Singing Saw at Christmastime
Little Stranger,Me & You
Jester,Not Coming Home - EP
Hey Steve,Fuck a Bomb
Magic Bronson,Wildlife
Sean McVerry,Times New Roman
*repeat repeat,Floral Canyon
Brother Moses,Desperation Pop
The Zolas,Come Back to Life (Deluxe Edition)
I love you Honey Bunny,Cosmic Background Radiation
Super Whatevr,Don't You Wanna Be Glad?
The Polarity,Sugarcoat
Your Neighbors,1000
Mt. Joy,Orange Blood
Purity Ring,graves
grandson,Death Of An Optimist
Giacomo Puccini,Pavarotti Forever
Petula Clark,The Pye anthology
Bleachers,Stop Making This Hurt (A. G. Cook Remix) / How Dare You Want More (Verdine White of Earth Wind & Fire Remix)
Bleachers,Take the Sadness out of Saturday Night
The Mountain Goats,Training Montage
Charli XCX,how i'm feeling now
Murder By Death,Everything Must Rest
Kim Petras,Clarity
The Clash,London Calling (Remastered)
Left at London,Transgender Street Legend Vol. 1
Lucy Dacus,Thumbs Again
Youth Lagoon,The Year Of Hibernation Bonus Tracks
Youth Lagoon,The Year of Hibernation
Rina Sawayama,SAWAYAMA
American Football,Rare Symmetry / Fade into You
Modern Baseball,You're Gonna Miss It All
The Coup,Party Music
The Coup,Sorry To Bother You: The Soundtrack
Claud,Super Monster
Ennio Morricone,The Thing (Original Motion Picture Soundtrack)
Los Campesinos!,Romance Is Boring (Remastered)
Los Campesinos!,Hold On Now Youngster... (Remastered Deluxe Edition)
White Lies,To Lose My Life ...
Beach Bunny,Prom Queen
AWOLNATION,Megalithic Symphony
Kevin Reilly,As You Are (Original Motion Picture Score)
Owen Pallett,Has A Good Home
The Mountain Goats,Getting Into Knives
Dizzy,Baby Teeth
The Naked and Famous,Passive Me Aggressive You
Timber Timbre,Creep On Creepin' On
Vivian Girls,Vivian Girls
July Talk,Touch
The Mountain Goats,Tallahassee
Japanese Breakfast,Posing In Bondage
Mother tongues,Everything You Wanted
Justice,Justice
Nechochwen,Split with Panopticon
Akira Yamaoka,SILENT HILL2 (Original Soundtrack)
The Microphones,It Was Hot We Stayed in the Water
Kyle Dixon & Michael Stein,Stranger Things 3 (Original Score from the Netflix Original Series)
The Knife,Shaken-Up Versions
Julien Baker,Red Door / Conversation Piece
Julien Baker,Tokyo
Julien Baker,Spotify Sessions
Sky Ferreira,Don't Forget
Alan Howarth,The Thing: Music From The Motion Picture
Ólafur Arnalds,re:member – string quartets
The Mountain Goats,Transcendental Youth
JPEGMAFIA,Millennium Freestyle
King Woman,I Wanna Be Adored
jer,R/Edgelord
Panopticon,...and Again Into the Light
CHVRCHES,The Bones of What You Believe (Special Edition)
The Weeknd,Blinding Lights (Remix)
Harry Styles,Harry's House
Vince Staples,Vince Staples
Hovvdy,Everything
Florence + the Machine,Dance Fever (Deluxe)
Margot & the Nuclear So and So's,The Dust Of Retreat
Nechochwen,Kanawha Black
Ghost,Prequelle
Vince Staples,Ramona Park Broke My Heart
Frightened Rabbit,Pedestrian Verse
Lies,I
Let's Eat Grandma,Two Ribbons
Will Wood and the Tapeworms,Everything is a Lot (2020 Remastered Version)
Hovvdy,Covers 2
Hovvdy,Town
Hovvdy,Hide
Chumbawamba,Shhh
Chumbawamba,Pictures of Starving Children Sell Records
Roar,Diamond Destroyer of Death
Purity Ring,neverend
Awwful,Ride
mewithoutYou,A To B Life
Emma Ruth Rundle,Engine Of Hell
Twain,King of Fools
Jonathan Coulton,Solid State
Orville Peck,Bronco
My Chemical Romance,Number Four
My Chemical Romance,Number Three
My Chemical Romance,Number Two
Rina Sawayama,This Hell
Thursday,Punk Goes Acoustic
felicita,hej!
felicita,Cluck
Murder By Death,Never Be
Mick Gordon,DOOM (Original Game Soundtrack)
Julia Jacklin,Lydia Wears A Cross
Will Wood,Tomcat Disposables
Kevin Devine,Nothing's Real So Nothing's Wrong
Florist,Emily Alone
Florist,Spring in Hours
Fall Out Boy,Take This to Your Grave
Manchester Orchestra,Angel Of Death (Acoustic)
Twain,Rare Feeling
Mondomamba,Mondomamba
Syd,Broken Hearts Club
Kendrick Lamar,Mr. Morale & the Big Steppers
Lila Ravelle,New Years Eve
Lila Ravelle,Sweet Dreams
Lila Ravelle,Chloé
Lila Ravelle,Dear Friends
Harry Nilsson,Pussy Cats
Three Dog Night,The Best Of 3 Dog Night
Harry Nilsson,Aerial Ballet
Mogwai,Hardcore Will Never Die But You Will
Green Day,American Idiot
Park National,The Big Glad
The Smile,A Light for Attracting Attention
In Love With a Ghost,let's go
The Internet,Hive Mind
Neko Case,Furnace Room Lullaby
Caroline Polachek,So Hot You're Hurting My Feelings
King Princess,Cheap Queen (Deluxe)
Petal,Shame
Against Me!,Stabitha Christie
Field Mouse,Meaning
Kate Bush,The Sensual World (2018 Remaster)
Kate Bush,Lionheart (2018 Remaster)
Kate Bush,Never for Ever (2018 Remaster)
Kate Bush,50 Words for Snow (2018 Remaster)
Sigrid,How To Let Go
JPEGMAFIA,black ben carson
Timber Timbre,Sincerely Future Pollution
Cassieopia,THE CONSTELLATION
Little Dragon,Nabuma Rubberband
my bloody valentine,Feed Me With Your Kiss
my bloody valentine,You Made Me Realise
my bloody valentine,Tremolo
my bloody valentine,Glider
my bloody valentine,Isn't Anything
Norma Tanega,Walkin' My Cat Named Dog
Selena,Amor Prohibido
Selena,Entre a Mi Mundo
My Chemical Romance,May Death Never Stop You
The World Is a Beautiful Place & I Am No Longer Afraid to Die,Whenever If Ever
The Microphones,Mount Eerie
Mount Eerie,A Crow Looked At Me
Against Me!,23 Live Sex Acts
Xiu Xiu,The Needle Drop LP
Brian Eno,Here Come the Warm Jets
Kara-Lis Coverdale,Grafts (Expanded Reissue)
Augustus Muller,Machine Learning Experiments (Original Soundtrack)
Xiu Xiu,A Promise
Girlpool,Forgiveness
Ayreon,1011001
Empty Country,Empty Country
Julien Baker,A Dreamer's Holiday
Rina Sawayama,SAWAYAMA (Deluxe Edition)
Disasterpeace,Hyper Light Fragments
Adrianne Lenker,songs
Blur,The Magic Whip
Disasterpeace,The Floor is Jelly
100 gecs,Doritos & Fritos
Disparition,Neukrk
Disparition,Palm in Mirror
The Dø,Shake Shook Shaken
Oi Va Voi,Laughter Through Tears
Archive,Take My Head
Molly Parden,290520
LP,Lost on You
Hovvdy,Taster
Hovvdy,Heavy Lifter
Common Holly,Playing House
Xiu Xiu,Dear God I Hate Myself (Deluxe Reissue)
Hop Along,Painted Shut
Tegan and Sara,F*****g Up What Matters
Milk & Bone,Bigger Love
Arcade Fire,Unconditional I (Lookout Kid)
Big Thief,Two Hands
Massive Attack,Heligoland
The Music Tapes,Mary's Voice
The New Pornographers,Challengers
feeble little horse,Hayday
Queen,A Night at the Opera
Florence + the Machine,Free
The Smile,Free In The Knowledge
Son Lux,Tomorrows I
José González,Veneer
Dylan Kanner,Timeless
Kevin Devine,Put Your Ghost To Rest
Soda Stereo,Dynamo (Remastered)
Brand New,3 Demos Reworked
Brand New,I Am a Nightmare
Kiasmos,Blurred
Kiasmos,Kiasmos
CJ The X,How To Party
K.D.Lang & The Reclines,Absolute Torch And Twang
k.d. lang,Hymns of the 49th Parallel
The Dismemberment Plan,Emergency & I
The Beatles,Sgt. Pepper's Lonely Hearts Club Band (Remastered)
Jay Som,Everybody Works
Sharon Van Etten,Like I Used To
Angel Olsen,All The Good Times
Neko Case,Hell-On
BROJOB,WAP
A Tribe Called Quest,The Low End Theory
Kevin Devine,Between the Concrete & Clouds (10th Anniversary Edition)
Pinegrove,Skylight II
Phoebe Bridgers,Sidelines
Tomoko Aran,STAY IN MY EYES
Linkin Park,One Step Closer (100 gecs Reanimation)
The Weeknd,Beauty Behind the Madness
The Weeknd,Echoes Of Silence (Original)
The Weeknd,Starboy
The Weeknd,House of Balloons (Original)
Molchat Doma,этажи
Spoon,Lucifer On the Sofa
Lucinda Williams,Lucinda Williams (Deluxe Edition)
Kara-Lis Coverdale,Fireflight
100 gecs,mememe
Mal Blum,Ain't It Nice
Lady Lamb,Ripely Pine
Frances Quinlan,Likewise
Oceanator,Nothing's Ever Fine
Claud,Toast - EP
Brian Reitzell,Hannibal Season 2 Volume 2 (Original Television Soundtrack)
Snail Mail,Valentine
CHVRCHES,Do I Wanna Know? (triple j Like A Version)
CHVRCHES,Good Girls (John Carpenter Remix)
Soccer Mommy,Shotgun
Interpol,Toni
Thomas Dolby,The Golden Age Of Wireless
Kilo Kish,REDUX
Kilo Kish,AMERICAN GURL
Florence + the Machine,My Love
Florence + the Machine,Heaven Is Here
Florence + the Machine,King
Marshmello,Here With Me
Theodore Shapiro,Severance: Season 1 (Apple TV+ Original Series Soundtrack)
Brand New,Daisy
Coins Parallèles,Démo
Divide and Dissolve,Gas Lit (Expanded)
Geese,Projector
Wet Leg,Wet Dream
Wet Leg,Chaise Longue
Rodrigo Amarante,Drama
Franz Ferdinand,Always Ascending
Lorde,Pure Heroine
Lorde,Solar Power (Deluxe Edition)
José González,Far Away
Slowdive,Souvlaki
Hrysoula Stefanaki,Attik - Afieroma
Mort Garson,Mother Earth's Plantasia
Nelward,the sum of all our sirens
jer,Clout Chasers
Cinnamon Babe,Pure O
Flume,Sirens (feat. Caroline Polachek)
Mitski,LUSH
Ibaraki,Rōnin
Isaac Hayes,Hot Buttered Soul
Injury Reserve,Injury Reserve
Leonard Cohen,Songs of Leonard Cohen
José González,Vestiges & Claws
Japanese Breakfast,Spotify Singles
Oingo Boingo,Dead Man's Party
Nine Inch Nails,The Downward Spiral
Em Beihold,Numb Little Bug
Rebzyyx,all I want is you
Rebzyyx,I'm so crazy for youuu </3
Charli XCX,CRASH (Deluxe)
Denzel Curry,ZUU
Hatchie,Lights On
slowthai,TYRON
Girlpool,Nothing Gives Me Pleasure
Denzel Curry,Troubles [Feat. T-Pain]
Vince Staples,Summertime '06
Ibibio Sound Machine,Electricity
The Cure,Seventeen Seconds
Spielbergs,This Is Not The End
Spielbergs,Brother of Mine
Alice Glass,Alice Glass (Remixes)
Alice Glass,Alice Glass
Michelle,THE BOTTOM (Rosa Let's Eat Grandma Rework)
Let's Eat Grandma,Happy New Year
Let's Eat Grandma,Levitation
ROSALÍA,HENTAI
Mondomamba,Nido
Good Morning,Basketball Breakups
Good Morning,Out To Pasture / Misery
Good Morning,Barnyard
Nicholas Britell,Moonlight (Original Motion Picture Soundtrack)
Allie X,CollXtion II
Neutral Milk Hotel,On Avery Island
Julien Baker,Little Oblivions Livestream
The White Stripes,The White Stripes
Jherek Bischoff,Strung Out In Heaven: A Bowie String Quartet Tribute
Neil Gaiman,An Evening With Neil Gaiman & Amanda Palmer
brian david gilbert,Pumpkin Cowboy
Arcade Fire,The Lightning I II
Behwah,It Don't Even Matter
Mitski,bury me at makeout creek
Mitski,Laurel Hell
Beach House,7
Kevin Devine,How Can I Help You?
Nick Cave & the Bad Seeds,Peaky Blinders (Original Music From the TV Series)
M.I.A.,/\/\ /\ Y /\ (Deluxe Edition)
Arcade Fire,Everything Now
Arcade Fire,Funeral
Ghais Guevara,BlackBolshevik
Charli XCX,CRASH
Julee Cruise,The Art Of Being A Girl
Silversun Pickups,Carnavas
David Bowie,Aladdin Sane (2013 remaster)
Meg Myers,Thank U 4 Taking Me 2 The Disco
Mal Blum,You Look a Lot Like Me
Megan Thee Stallion,Sweetest Pie
Amanda Palmer,Theatre Is Evil
Waterparks,FANDOM
Christian Lee Hutson,Cherry
Montaigne,Complex
Montaigne,Now (In Space)
Montaigne,Technicolour
Montaigne,My Life Is Better With You (My Brother My Brother and Me Podcast Theme Song)
Montaigne,Always Be You
Pulp,Different Class
Kevin Devine,Override
The 1975,The 1975 (Deluxe Version)
Kilo Kish,Reflections in Real Time
Christy Altomare,Carrie: The Musical (Premiere Cast Recording)
Belzebubs,Pantheon Of The Nightside Gods
The Beatles,Abbey Road (Remastered)
Owen,L'Ami du Peuple
Gorillaz,Song Machine Episode 1
Gorillaz,Meanwhile EP
Pixies,Doolittle
Owen,Me
Rubio,Buena Suerte Muchacha
Tears for Fears,The Tipping Point
Vatican Shadow,Remember Your Black Day
Bauhaus,The Bela Session
The B-52's,Cosmic Thing
Glitch Gum,Kyoto
Frightened Rabbit,Sing The Greys
The Be Good Tanyas,Chinatown
Momma,Rockstar
Bad Books,III
Kevin Devine,No One's Waiting Up For Me Tonight
Beach House,Teen Dream
Childish Gambino,Kauai
Danger Mouse,30th Century Records Vol. 2
alt-J,This Is All Yours
alt-J,The Dream
James Blake,James Blake
Colin Stetson,Texas Chainsaw Massacre (Soundtrack from the Netflix Film)
Bambara,Birds
tricot,上出来
Orville Peck,Bronco: Chapter 1
Mal Blum,Stockpiled Guns & TV Dinners
Black Dresses,Forget Your Own Face
yet,Strangely Dim
Rammstein,Reise Reise
The Cure,Disintegration
Queen,Made in Heaven (Deluxe Remastered Version)
Queen,The Miracle (Deluxe Remastered Version)
Queen,A Day At The Races (Deluxe Remastered Version)
Queen,A Day at the Races
Christian Lee Hutson,Beginners
Polygon Dream,Ｚｅｌｄａｗａｖｅ ＩＩ //  近藤 浩治  //  MM
ABBA,Waterloo
ABBA,ABBA
ABBA,Arrival
ABBA,Voyage
Caroline Polachek,Billions
Hamilton Leithauser,I Had a Dream That You Were Mine
Haley Heynderickx,I Need to Start a Garden
Prurient,Frozen Niagara Falls
Kitty,Miami Garden Club (Deluxe Edition)
Slayyyter,All I Want for Xxxmas
Tommy Genesis,Tommy Genesis
Tommy Genesis,a woman is a god (BIA Remix)
Ben Salisbury,Annihilation (Original Motion Picture Soundtrack)
Sparks,Kimono My House
ROSALÍA,Los Ángeles
Mal Blum,Ain't It Nice (EP)
ROSALÍA,A Palé
Tokischa,Linda
ROSALÍA,SAOKO
The Pocket Gods,100mostXcellent30
Murder By Death,The Other Shore
Black Country New Road,Ants From Up There
Matrimony,Kitty Finger
The Used,The Canyon
The Used,Heartwork
Hole,Live Through This
My Chemical Romance,In Love and Death
Pascal Pinon,Twosomeness
Murder By Death,As You Wish Vol. 3
Murder By Death,As You Wish Volume 2
Manchester Orchestra,Cope (Deluxe Version)
Hatchie,Quicksand
Mogwai,Atomic
Björk,Post
The Smile,The Smoke
The Smile,You Will Never Work In Television Again
Aurora,The Gods We Can Touch
The 1975,The 1975
Erin McKeown,MIRRORS BREAK BACK
MUNA,Silk Chiffon (feat. Phoebe Bridgers)
Boy Harsher,Yr Body Is Nothing
Boy Harsher,Tower
John Carpenter,Alive After Death
Broadcast,Work and Non Work
Jacob Haage,RIPTIDE
Mort Garson,Music from Patch Cord Productions
Dewey Martino,Los Desamores de Dewey Martino
Oneohtrix Point Never,Garden of Delete
Luboš Fišer,Valerie And Her Week Of Wonders
Pram,Across The Meridian
Broadcast,Berberian Sound Studio
The Rebel,REMEMBER YOUR FAILURE IN THE CAVE
Cavern of Anti-Matter,In Fabric OST
Belbury Poly,The Gone Away
Pram,Meshes Ep
Ataraxia,The Unexplained
Jonathan Parker & Seth Asarnow,BARTLEBY ORIGINAL MOTION PICTURE SOUNDTRACK
Right Away Great Captain!,The Lost Sea
Chelsea Wolfe,Hiss Spun
Boy Harsher,Give Me a Reason
Boy Harsher,Machina (feat. Mariana Saldaña)
Kevin Devine,Bubblegum
Pierce the Veil,Collide With the Sky
Andrew Gold,All This and Heaven Too
Girlpool,Faultline
Girlpool,Lie Love Lullaby
M83,Hurry Up We're Dreaming
Kevin Devine,Out in the Ether
Earl Sweatshirt,Sick!
Kevin Devine,Albatross
From Indian Lakes,Everything Feels Better Now
Paul Baribeau,Grand Ledge
Right Away Great Captain!,I Am Not Me (Live in Brooklyn Ny)
Mitski,Love Me More
Tears for Fears,Break The Man
Boris,Drowning by Numbers
Boy Harsher,Lesser Man (extended version)
FKA twigs,LP1
Pinegrove,Respirate
MGMT,Congratulations
Washed Out,Paracosm
STRFKR,Being No One Going Nowhere
sjowgren,Now & Then
Local Natives,Sunlit Youth
Washed Out,Life of Leisure
Grizzly Bear,Painted Ruins
Manfred Mann's Earth Band,The Roaring Silence
Alex G,TRICK
Alvvays,Antisocialites
Tame Impala,Lonerism
Crumb,Locket
Goth Babe,Moments / Tides
Tame Impala,Currents B-Sides & Remixes
Alvvays,Alvvays
Unknown Mortal Orchestra,That Life
Starfucker,Starfucker
Tame Impala,Sundown Syndrome / Remember Me
STRFKR,Miracle Mile
Beach Fossils,Somersault
Goth Babe,Weekend Friend
Crumb,Jinx
Taylor Swift,Lover
The Last Shadow Puppets,The Dream Synopsis EP
Steven Wilson,To the Bone
Lorde,Solar Power
Phoebe Bridgers,Killer
Sabrepulse,Exile
Curtis Schweitzer,Halo Infinite (Original Soundtrack)
Jessica Curry,Everybody's Gone to the Rapture (Original Soundtrack)
Gareth Coker,Ori & The Will Of The Whisps (Main Theme Piano Version)
Cymbals Eat Guitars,Why There are Mountains
Harry Nilsson,Sessions 1967-1975 - Rarities from The RCA Albums Collection
Tyler the Creator,CALL ME IF YOU GET LOST
The Garages,UNDEFINED
Bacilos,Bacilos (Re-Issue)
Shakira,Fijación Oral Vol. 1
young tender,Rotos
Faye Webster,Atlanta Millionaires Club
The Walters,I Love You So
Estelle,Shine
Gwen Stefani,The Sweet Escape
Rick James,Street Songs (Deluxe Edition)
will.i.am,Boys & Girls
A-wall,Loverboy
Esteman,Amor Libre
Hayley Kiyoko,This Side of Paradise - EP
Hayley Kiyoko,Expectations
Destiny Rogers,Tomboy
Julieta Venegas,Si
Miguel Bosé,Sereno
Ana Belén,Mucho Mas Que Dos (Live In Concert)
Jane Krakowski,Bojack Horseman (Music from the Netflix Original Series)
L Devine,Near Life Experience Part One
Meghan Trainor,Title (Deluxe)
Tino el Pingüino,Cuando Piensas en Mí
Kakkmaddafakka,Diplomacy
Mecano,Entre el Cielo y el Suelo (Bonus Tracks Edition)
Mother Mother,Touch Up
Julien Baker,Little Oblivions (Remixes)
SALA/COMEDOR + 1 - Interpol,Turn On the Bright Lights (The Tenth Anniversary Edition - 2012 Remaster)
Frankie Cosmos,Next Thing
Cœur de Pirate,Chansons tristes pour Noël
My Chemical Romance,Gift Wrapped: Regifted
Daughters,You Won't Get What You Want
Rubio,Pez
David Bowie,Heroes (2017 remaster)
Tegan and Sara,So Jealous
Jack Stauber,Pop Food
Ber,Feels So Easy
Tessa Violet,Bad Ideas
Yoke Lore,Goodpain
Seasalt,Kool Girl
Orville Peck,Show Pony
The Neighbourhood,Chip Chrome & The Mono-Tones
CHVRCHES,Screen Violence: Director’s Cut
Lana Del Rey,Chemtrails Over the Country Club
Illya Kuryaki And The Valderramas,Aplaudan en la Luna (En Vivo)
Illya Kuryaki & The Valderramas,Rockeras Para Recordar
Letters to Cleo,When Did We Do That?
Michael Jackson,Off the Wall
Bruce Springsteen,Born to Run
Ugly Kid Joe,America's Least Wanted
Los Lobos,La Pistola y El Corazon
Miguel Bosé,Bajo El Signo De Caín
Dougie MacLean,Riof
The Chicks,Taking the Long Way
Bob Dylan,The Essential Bob Dylan
U2,October (Deluxe Edition Remastered)
Bon Jovi,New Jersey (Deluxe Edition)
Guns N' Roses,Appetite for Destruction
Gerard McMann,The Lost Boys Original Motion Picture Soundtrack
Joan Manuel Serrat,Dedicado A Antonio Machado Poeta
Lump,Curse of the Contemporary
Girlpool,What Chaos Is Imaginary
Girlpool,Powerplant
Socks and Ballerinas,Soap!
Girlpool,Picturesong
Cocteau Twins,Heaven or Las Vegas (Remastered)
Tears for Fears,Songs from the Big Chair
The Beaches,Late Show
Penelope Scott,Public Void
Lavender Country,Lavender Country
Silvana Estrada,Primeras Canciones
Lucy Dacus,Thumbs
Tom Morello,The Atlas Underground Flood
Twinkle Twinkle Little Rock Star,Lullaby Versions of Phoebe Bridgers
The Japanese House,Chewing Cotton Wool
Bruce Cockburn,Waiting for a Miracle
Ariana Grande,thank u next
The Arrogant Sons of Bitches,Three Cheers For Disappointment
The Smiths,The Queen Is Dead
American Football,American Football (LP2)
Blur,Think Tank [Special Edition]
Pink Sweat$,Nothing Feels Better
Pink Sweat$,Pink Planet
Das Racist,Relax
The Coup,Sorry To Bother You
Ari Lennox,Shea Butter Baby
Ramona Lisa,Arcadia
twenty one pilots,Scaled and Icy (Livestream Version)
Oceanator,Things I Never Said
Jeff Rosenstock,We Cool?
Jeff Rosenstock,WORRY.
Jeff Rosenstock,POST-
James Blake,The Bells Sketch
Gorillaz,The Fall
Damon Albarn,The Nearer the Fountain More Pure the Stream Flows
Kali Uchis,sin miedo // acoustic
Xiu Xiu,OH NO
Hans Zimmer,Dune (Original Motion Picture Soundtrack)
Jóhann Jóhannsson,Arrival (Original Motion Picture Soundtrack)
Junebug,Too Late To Love You
ROSALÍA,LA FAMA (with The Weeknd)
Pinegrove,Alaska
Ghostemane,N / O / I / S / E
Colin Stetson,New History Warfare Vol. 2: Judges
Mitski,The Only Heartbreaker
Safia Nolin,SEUM
July Talk,I Am Water
Jeff Rosenstock,2020 DUMP
Johnny Cash,American IV: The Man Comes Around
King Princess,Pussy Is God
July Talk,July Talk (Deluxe)
Grace Jones,Slave to the Rhythm
Pyotr Ilyich Tchaikovsky,Last Night Of The Proms
The Dresden Dolls,The Dresden Dolls
Charli XCX,New Shapes (feat. Christine and the Queens and Caroline Polachek)
Catnapp,Break
Quinn Christopherson,Erase Me
Murder By Death,Fuego! - EP
Pierce Brosnan,Mamma Mia! The Movie Soundtrack
Phoebe Bridgers,That Funny Feeling
PinkPantheress,I Must Apologise
The Beatles,Let It Be (Super Deluxe)
FINNEAS,Optimist
James Blake,Friends That Break Your Heart
Maryze,B.O.Y.
Phil Collins,Face Value (Deluxe Editon)
Jonathan Groff,Little Shop of Horrors (The New Cast Album)
Kevin Devine,Daytrotter Sessions
Lucy Dacus,2019
Lucy Dacus,My Mother & I
Dntel,Life Is Full of Possibilities (Deluxe)
Lil Nas X,MONTERO
Simon & Garfunkel,The Concert In Central Park (Live)
Train,California 37
Cody Fry,Eleanor Rigby
Ashnikko,Panic Attacks in Paradise / Maggots
Ashnikko,Halloweenie IV: Innards
Rihanna,Good Girl Gone Bad: Reloaded
Emma Ruth Rundle,Blooms of Oblivion
Kevin Devine,Between the Concrete & Clouds
Danai,Attika Tragoudia. Maramena Ta Gioulia Ki I Violes
Lil Peep,Come Over When You're Sober Pt. 1
Thank You I'm Sorry,The Malta House
Black Country New Road,Chaos Space Marine
Dmitri Shostakovich,Shostakovich: The String Quartets
Benjamin Britten,Britten: String Quartets Nos 1-3 & 3 Divertimenti
Ludwig van Beethoven,Beethoven: The Early String Quartets Nos. 1-6
Mykki Blanco,Spring​/​Summer 2014
Open Mike Eagle,Anime Trauma and Divorce
Petal,Magic Gone
Claud,Never Meant To Call
IDLES,Joy as an Act of Resistance.
Ólafur Arnalds,Broadchurch (Music From The Original TV Series)
Rico Nasty,Nightmare Vacation
The Newton Brothers,Midnight Mass: S1 (Soundtrack from the Netflix Series)
Big Thief,Change
Sam Smith,To Die For (Ólafur Arnalds Remix)
Ólafur Arnalds,re:member (choir versions)
Radiohead,Hail to the Thief
Disasterpeace,Fez
Disasterpeace,Rise of the Obsidian Interstellar
MUNA,Saves the World
Teen Suicide,i will be my own hell because there is a devil inside my body
Radiohead,Amnesiac
Pink Floyd,More
John Powell,How to Train Your Dragon (Music from the Motion Picture)
Alice Longyu Gao,I <3 Harajuku
Food House,Food House
Beck,Wow (GUAU! Mexican Institute of Sound Remix)
SZA,Ctrl
Teyana Taylor,K.T.S.E.
Frank Ocean,Blonde
Edward Maya,Stereo Love
Childish Gambino,Redbone
Tai Verdes,DRUGS
Safia Nolin,Dans le noir
Anamanaguchi,Dawn Metropolis
kostromin,Моя голова винтом (My head is spinning like a screw)
Earth Wind & Fire,Raise!
Secession Studios,The Untold
Bo Burnham,Inside (The Songs)
Tommy Genesis,goldilocks x
Mitski,Working for the Knife
Mighty Clouds,Mighty Clouds
Orchards,Leave Us Here (We're Fine)
Orchards,Drive Me Home
Savages,Fuckers/Dream Baby Dream
Clairo,Immunity
Panic! at the Disco,Too Weird to Live Too Rare to Die!
(K)NoW_NAME,ANIME DOROHEDORO ORIGINAL SOUNDTRACK
Gorillaz,D-Sides [Special Edition]
Clouds,Radical Cutting Methods
Poppy,Flux
Danger Mouse,Dark Night of the Soul
Dorian Electra,Gentleman (feat. Danny Brown) [d0llywood1 Remix]
tricot,Dogs and Ducks
alt-J,U&ME
sineila,4GET U
Let's Eat Grandma,Hall of Mirrors
Lunacy,Dust
Elita,Sick Girl
Elita,So Wet
Cult of Luna,Mariner
Rammstein,Mutter
Rammstein,Sehnsucht
The Beatles,Let It Be... Naked (remastered)
Ms. Lauryn Hill,The Miseducation of Lauryn Hill
Adrian Darwent,Tiger Lily
Matt Maltese,Bad Contestant
Marvin Gaye,Favorites
Robin Thicke,Blurred Lines (Deluxe)
Skatune Network,burn the billboard
Half Waif,Mythopoetics
Hatchie,This Enchanted
Purity Ring,Better Off Alone
Purity Ring,soshy
Lorde,Te Ao Mārama
Emma Ruth Rundle,Return
Kevin Devine,Matter Of Time II
Will Wood and the Tapeworms,Self-ish
Bad Books,II
Tim Curry,The Rocky Horror Picture Show - Original Soundtrack
AJJ,Good Luck Everybody
Will Wood,The Normal Album
Archive,Controlling Crowds (Parts I-III)
Squirrel Flower,Take It or Leave It / So Hot You're Hurting My Feelings
Dizzy,The Sun and Her Scorch
Claud,If I Were You
The Front Bottoms,Lover Boy
The Internet,Ego Death
Max LL,Spiritfarer (Original Soundtrack)
Massive Attack,Blue Lines (2012 Mix/Master)
Angelo Badalamenti,Twin Peaks (Music from the Limited Event Series)
Kevin Devine,Make the Clocks Move
Kevin Devine,Little Bulldozer
Charli XCX,Number 1 Angel
Charli XCX,Good Ones
Pancake Manor,Happy and We Know It
JPEGMAFIA,TRUST!
Safia Nolin,xX3m0 $0ng$ 2 $!ng @l0ng 2Xx
The Velvet Underground,The Velvet Underground & Nico 45th Anniversary
Halsey,If I Can’t Have Love I Want Power
Rina Sawayama,Enter Sandman
Safia Nolin,Limoilou
Safia Nolin,Rue de l'ours
Charli XCX,Girls Night Out
Billie Eilish,Happier Than Ever
Kilo Kish,BLOODY FUTURE
Cherry Glazerr,Soft Drink
Opetaia Foa'i,Moana (Original Motion Picture Soundtrack/Deluxe Edition)
José González,Swing
Lady Gaga,The Fame Monster (Deluxe Edition)
Julien Baker,Bloodshot (Helios Remix)
Phoebe Bridgers,Kyoto (The Marías Remix)
Big Thief,Little Things/Sparrow
Crosby Stills & Nash,Crosby Stills & Nash
Bo Burnham,All Eyes On Me (Song Only)
The Front Bottoms,In Sickness & in Flames
Klaus Badelt,Pirates of the Caribbean: The Curse of the Black Pearl (Original Motion Picture Soundtrack)
Crash and the Boys,Scott Pilgrim vs. the World (Original Motion Picture Soundtrack)
Fleetwood Mac,Rumours (Super Deluxe)
Beastie Boys,Ill Communication
Norman Greenbaum,Spirit in the Sky
Rihanna,A Girl Like Me
Ellis,Don't Say ur Sorry
Flume,Lockjaw
Pylot,Shadowtask
Miley Cyrus,Good Morning Music: Pop Throwbacks
CeeLo Green,The Lady Killer
Eminem,SHADYXV
Post Malone,Spider-Man: Into the Spider-Verse (Soundtrack From & Inspired by the Motion Picture)
Bee Gees,How Can You Mend A Broken Heart
Ray Parker Jr.,Ghostbusters (Original Motion Picture Soundtrack) [2016]
Dusty Springfield,Dusty In Memphis
Au5,The Encryption
Miranda Cosgrove,Leave It All To Me (Theme from iCarly) (feat. Drake Bell)
Metric,Scott Pilgrim Vs. The World (Original Motion Picture Soundtrack Expanded Edition)
Grant,Color
JAY-Z,The Blueprint 3
Olivia Rodrigo,SOUR
Stephen Walking,Problems
Queen,The Game (Deluxe Remastered Version)
Elvis Presley,Elvis 30 #1 Hits
Elton John,Too Low For Zero
John Travolta,Broadway
The Killers,Pressure Machine
AC/DC,Highway to Hell
Rebecca Black,Rebecca Black Was Here
Willow,lately i feel EVERYTHING
David Bowie,The Rise and Fall of Ziggy Stardust and the Spiders from Mars (2012 Remaster)
David Bowie,The Next Day
CHVRCHES,How Not To Drown
Laura Marling,Short Movie (Director's Cut)
Laura Marling,Semper Femina (Deluxe Edition)
Wardruna,Skald
Radiohead,OK Computer
Lorde,Stoned at the Nail Salon
Caroline Polachek,Ocean of Tears (umru remix)
Leonard Bernstein,West Side Story (Original Broadway Cast Recording)
Alexis Marshall,House of Lull . House of When
Bleachers,How Dare You Want More
The Weeknd,Take My Breath
Streetlight Manifesto,The Hands That Thieve
Gerard Way,Happy Together (feat. Ray Toro)
Cœur de Pirate,Roses (Deluxe Edition)
Charles Aznavour,Aznavour Live - Palais des Sports 2015
black midi,Cruising
Mud Flow,A life on standby
Breton,War Room Stories
Amanda Palmer,Amanda Palmer Goes Down Under
Mogwai,Happy Songs for Happy People
Local Natives,Hummingbird
alt-J,An Awesome Wave
Philip Glass,Tales from the Loop (Original Soundtrack)
Toby Fox,UNDERTALE Soundtrack
Brian Reitzell,Hannibal Season 2 Volume 1 (Original Television Soundtrack)
Safia Nolin,Limoilou (Deluxe)
Left at London,t.i.a.p.f.y.h.
Billie Eilish,dont smile at me
Conor Oberst,Ruminations
Claude Debussy,Untitled Goose Game (Original Soundtrack)
tricot,いない
tricot,暴露
tricot,10
CHVRCHES,Good Girls
CHVRCHES,Bury It
JFDR,New Dreams
Brian Eno,Ambient Vol. 2: The Plateaux Of Mirror
Backxwash,BLACK SAILOR MOON
Common Holly,Preoccupy / The Moon
Less Than Jake,Hello Rockview
Goldfinger,Hang-Ups
The Groans,Earth Dweller
Rodrigo Amarante,Tuyo (Narcos Theme) [Extended Version] [A Netflix Original Series Soundtrack]
Fonola Band,25 aprile: Festa della Liberazione
C418,Minecraft - Volume Alpha
Lump,We Cannot Resist
twenty one pilots,Trench
IDLES,Model Village (feat. slowthai)
Brian Eno,Reflection
Brian Eno,Ambient 1/Music For Airports
The Felice Brothers,Yonder is the Clock
Billie Eilish,NDA
King Woman,Boghz
Daniel Koestner,Donut County (Original Soundtrack)
Choking Victim,Crack Rock Steady EP/Squatta's Paradise
The Front Bottoms,The Front Bottoms
Modest Mouse,The Golden Casket
Caroline Polachek,Bunny Is a Rider
of the gods,And So It Begins
Thom Yorke,Creep (Very 2021 Rmx)
Hobo Johnson,The Revenge Of Hobo Johnson
Rebecca Black,Friday (Remix)
Wolf Alice,Don't Delete The Kisses (Charli XCX x Post Precious Remix)
Shingo Nakamura,Glow
John Williams,Star Wars: The Empire Strikes Back (Original Motion Picture Soundtrack)
Poppy,Her
Placebo,Placebo
Harley Poe,The Dead and the Naked
Harley Poe,Satan Sex and No Regrets
Glass Beach,the first glass beach album
King Woman,Psychic Wound
Manchester Orchestra,Bed Head (Local Natives Remix)
James Brown & The Famous Flames,I Got You (I Feel Good)
Big Red Machine,Big Red Machine
Big Red Machine,Latter Days (feat. Anaïs Mitchell)
CHVRCHES,How Not To Drown (feat. Robert Smith) [Robert Smith Remix]
Ashnikko,Slumber Party (feat. Princess Nokia) [Remixes]
Half Waif,Horse Racing
NxTime,keep in touch
Dev Lemons,Lemontopia
Rodrigo Amarante,I Can't Wait
Little Big Town,Sad Country
Blur,Blur
Blur,13
Blur,Modern Life Is Rubbish
Daughters,Canada Songs
Raphael Saadiq,Stone Rollin'
Rodrigo Amarante,Cavalo
Mavis Staples,Only For The Lonely
Mavis Staples,We Get By
Car Seat Headrest,MADLO: Influences
Blur,Bustin' + Dronin'
Blur,Leisure
Car Seat Headrest,Commit Yourself Completely
XVOTO,XVOTO
The Specials,More Specials (Deluxe Version)
Vince Staples,LAW OF AVERAGES
Orville Peck,Born This Way (The Country Road Version)
ME REX,Megabear
The Front Bottoms,Voodoo Magic
Little Simz,Rollin Stone
Hayley Williams,FLOWERS for VASES / descansos
Tommy Genesis,peppermint
Schmid,140
King Woman,Morning Star
NGHTCRWLR,Let the Children Scream
Fiona Apple,When the Pawn...
Stevie Nicks,Bella Donna (2016 Remastered)
The Doors,Morrison Hotel
Kevin Devine,Bulldozer
Kevin Devine,We Are Who We've Always Been
Kevin Devine,Lakes On The Moon
Wolf Alice,Blue Weekend
Slayyyter,Troubled Paradise
twenty one pilots,Shy Away (Livestream Version)
Lucy Dacus,Brando
Lucy Dacus,VBS
Billie Eilish,Lost Cause
Kevin Devine,Instigator
Nada Surf,The Weight Is a Gift
CHVRCHES,Triple J Like A Version
Lump,Climb Every Wall
Billie Eilish,WHEN WE ALL FALL ASLEEP WHERE DO WE GO?
CHVRCHES,Hansa Session
The Doors,The Doors
Linton Kwesi Johnson,Bass Culture
Molly Nilsson,These Things Take Time
The Chicks,The Essential The Chicks
Against Me!,New Wave (U.S. Version)
Hildur Guðnadóttir,Saman
Bright Eyes,Digital Ash in a Digital Urn
Manchester Orchestra,Bed Head (Acoustic)
The Hotelier,Home Like Noplace Is There
The Garages,Immaterial Shores
IDLES,Damaged Goods
Bachelor,Doomin' Sun
Bright Eyes,Digital Ash in a Digital Urn (Remastered)
The Mountain Goats,The Slow Parts on Death Metal Albums
Old Gods of Asgard,Control (Original Soundtrack)
Japanese Breakfast,Be Sweet
Barry Uhl,The Stargazer's Bible
Colleen,A Flame my Love a Frequency
Bleachers,Stop Making This Hurt
Rubio,Mango Negro
Freddie Mercury,Barcelona
twenty one pilots,Vessel
Rodrigo Amarante,Maré
Bleachers,chinatown (feat. Bruce Springsteen)
Bleachers,45
Charli XCX,Spinning (A. G. Cook Remixes)
Daniel Pemberton,Spider-Man: Into the Spider-Verse (Original Score)
Caifanes,El Silencio
Gabriel Gundacker,I Wanna Meet Richard Dreyfuss
Infinite Body,Avolition
Heron Oblivion,Heron Oblivion
sineila,Blow!
Interpol,Marauder
Kevin Devine,Live at St Pancras Old Church
Arca,Arca
Arca,KiCk i
Sleater-Kinney,The Center Won't Hold
Sleater-Kinney,Worry With You
SubRosa,More Constant Than The Gods
My Dying Bride,Like Gods of the Sun
My Dying Bride,As The Flowers Withers
My Dying Bride,Macabre Cabaret
Backxwash,Deviancy
Little Simz,Woman
Tony Allen,There Is No End
Frightened Rabbit,late march death march
Manchester Orchestra,Bad Things To Such Good People
Vitamin String Quartet,Funeral: VSQ Performs My Chemical Romance
Cameron Vale,Jouska
Vitamin String Quartet,VSQ Performs the Hits of 2020 Vol. 2
Hypnotic Brass Ensemble,Bad Boys of Jazz
Backxwash feat. Will Owen Bennett,God Has Nothing To Do With This Leave Him Out Of It
Backxwash feat. Devi McCallion,GOD HAS NOTHING TO DO WITH THIS LEAVE HIM OUT OF IT
Los Hermanos,Ventura
J Balvin,Future Nostalgia (The Moonlight Edition)
Modest Mouse,We Are Between
Anamanaguchi,Aurora (Meet Me in the Stars)
Good Morning,Mollyduker / Keep It
Trixie Mattel,Video Games
Trixie Mattel,Jackson (feat. Orville Peck)
Rina Sawayama,Chosen Family (with Elton John)
Gorillaz,Gorillaz (Gorillaz 20 Mix)
Gorillaz,Humanz (Gorillaz 20 Mix)
Little Simz,Introvert
Florence + the Machine,Light Of Love
Rachel Chinouriri,Four° In Winter
The London Suede,Dog Man Star (Remastered)
The Garages,TAKEOVER (live at TAKEOVER)
The Garages,CONSUMED
Daughters,Daughters
Kero Kero Bonito,Bonito Recycling
The Garages,the garages kill the gods
Jonny Greenwood,Inherent Vice (Original Motion Picture Soundtrack)
Amanda Palmer,Amanda Palmer Performs the Popular Hits of Radiohead on Her Magical Ukulele
IDLES,Ultra Mono
Snail's house,Snö
John Carpenter,Halloween Motion Picture Soundtrack
Louie Zong,Thumbnail
CHVRCHES,He Said She Said
Vitas,Философия Чуда
The Chicks,March March
Lady Gaga,Chromatica
Paul McCartney,McCartney III
Paul McCartney,McCartney III Imagined
Good Morning,Prize//Reward
CHAI,PUNK
CHAI,Nobody Knows We Are Fun
Taylor Swift,Fearless (Taylor's Version)
David Bowie,Metrobolist (aka The Man Who Sold The World) [2020 Mix]
M.I.A.,Kala
Billie Holiday,Lady Sings the Blues
Godspeed You! Black Emperor,G_d's Pee AT STATE'S END!
Left at London,Transgender Street Legend Vol. 2
Arcade Fire,I Give You Power
Audioslave,Out of Exile
Audioslave,Audioslave
Foo Fighters,There Is Nothing Left to Lose
Chris Cornell,Songbook
Jewel,Pieces of You
Kylie V,Big Blue
Lil Nas X,MONTERO (Call Me by Your Name)
Margot & the Nuclear So and So's,Broadripple Is Burning (Acoustic)
Kilo Kish,mothe
Billie Eilish,Lo Vas A Olvidar (with ROSALÍA)
Sophie,OIL OF EVERY PEARL'S UN-INSIDES Non-Stop Remix Album
David Bowie,Blackstar
Three Days Grace,Three Days Grace (Deluxe Version)
Stormzy,Heavy Is the Head
St. Vincent,Strange Mercy
Half Waif,Take Away the ache
David Peacock,Hollow Knight Piano Collections
Godspeed You! Black Emperor,Lift Your Skinny Fists Like Antennas to Heaven
The Black Keys,Brothers
The Black Keys,Brothers (Deluxe Remastered Anniversary Edition)
Julien Baker,Julien Baker on Audiotree Live
Chelsea Wolfe,Anhedonia
IDLES,Colossus (Tricky Remix)
Tierra Whack,Whack World
Adrianne Lenker,A-Sides
Wolf Alice,Blush EP
The Knife,Live at Terminal 5
Cmten,NEVER MET! [100 gecs r3mix (feat. Glitch Gum)]
Kendrick Lamar,To Pimp a Butterfly
The Weeknd,Trilogy
Tunng,Tunng Presents...DEAD CLUB
Blood Orange,Angel's Pulse
St. Vincent,Pay Your Way In Pain
Kero Kero Bonito,The Princess and the Clock
Little Simz,Stillness In Wonderland (Deluxe Edition)
David Bowie,Low (2017 remaster)
David Byrne,American Utopia
Wingnut Dishwashers Union,Burn the Earth! Leave It Behind!
The Homeless Gospel Choir,Presents: Normal
Poppy,I Disagree
Emma Blackery,Crying
Half Waif,The Caretaker
Big River Cree,Just For U
Xiu Xiu,A Bottle of Rum
Perfume Genius,Eye in the Wall
Perfume Genius,Pop Song
Perfume Genius,Describe (A. G. Cook Remix)
Perfume Genius,Your Body Changes Everything (Boy Harsher Remix)
88rising,Freaks
Fiona Apple,The Idler Wheel Is Wiser Than the Driver of the Screw and Whipping Cords Will Serve You More Than Ropes Will Ever Do (Expanded Edition)
Caroline Polachek,Breathless
Bat for Lashes,Two Suns
Manchester Orchestra,Bed Head
Kevin Devine,Social Club: Covers
Akira Yamaoka,Silent Hill Original Soundtracks
Rat Tally,Shrug
No Rome,Crying in the Prettiest Places
No Rome,Spinning (with Charli XCX & The 1975)
Evanescence,Songs From The Bitter Truth
Evanescence,Synthesis
Mdou Moctar,Tala Tannam
King Gizzard & The Lizard Wizard,Infest the Rats’ Nest
Slayyyter,Clouds
ORACLE666,Celadon Haze
